location_name,baseDate,baseTime,category,fcstDate,fcstTime,fcstValue,nx,ny
Nanji_Hangang,20260403,1700,TMP,20260403,1800,19,59,126
Nanji_Hangang,20260403,1700,UUU,20260403,1800,0.5,59,126
Nanji_Hangang,20260403,1700,VVV,20260403,1800,2.2,59,126
Nanji_Hangang,20260403,1700,VEC,20260403,1800,195,59,126
Nanji_Hangang,20260403,1700,WSD,20260403,1800,2.3,59,126
Nanji_Hangang,20260403,1700,SKY,20260403,1800,3,59,126
Nanji_Hangang,20260403,1700,PTY,20260403,1800,0,59,126
Nanji_Hangang,20260403,1700,POP,20260403,1800,20,59,126
Nanji_Hangang,20260403,1700,WAV,20260403,1800,0,59,126
Nanji_Hangang,20260403,1700,PCP,20260403,1800,강수없음,59,126
Nanji_Hangang,20260403,1700,REH,20260403,1800,50,59,126
Nanji_Hangang,20260403,1700,SNO,20260403,1800,적설없음,59,126
Nanji_Hangang,20260403,1700,TMP,20260403,1900,17,59,126
Nanji_Hangang,20260403,1700,UUU,20260403,1900,0.3,59,126
Nanji_Hangang,20260403,1700,VVV,20260403,1900,2.1,59,126
Nanji_Hangang,20260403,1700,VEC,20260403,1900,190,59,126
Nanji_Hangang,20260403,1700,WSD,20260403,1900,2.2,59,126
Nanji_Hangang,20260403,1700,SKY,20260403,1900,3,59,126
Nanji_Hangang,20260403,1700,PTY,20260403,1900,0,59,126
Nanji_Hangang,20260403,1700,POP,20260403,1900,20,59,126
Nanji_Hangang,20260403,1700,WAV,20260403,1900,0,59,126
Nanji_Hangang,20260403,1700,PCP,20260403,1900,강수없음,59,126
Nanji_Hangang,20260403,1700,REH,20260403,1900,50,59,126
Nanji_Hangang,20260403,1700,SNO,20260403,1900,적설없음,59,126
Nanji_Hangang,20260403,1700,TMP,20260403,2000,16,59,126
Nanji_Hangang,20260403,1700,UUU,20260403,2000,0.3,59,126
Nanji_Hangang,20260403,1700,VVV,20260403,2000,2.1,59,126
Nanji_Hangang,20260403,1700,VEC,20260403,2000,190,59,126
Nanji_Hangang,20260403,1700,WSD,20260403,2000,2.2,59,126
Nanji_Hangang,20260403,1700,SKY,20260403,2000,3,59,126
Nanji_Hangang,20260403,1700,PTY,20260403,2000,0,59,126
Nanji_Hangang,20260403,1700,POP,20260403,2000,20,59,126
Nanji_Hangang,20260403,1700,WAV,20260403,2000,0,59,126
Nanji_Hangang,20260403,1700,PCP,20260403,2000,강수없음,59,126
Nanji_Hangang,20260403,1700,REH,20260403,2000,55,59,126
Nanji_Hangang,20260403,1700,SNO,20260403,2000,적설없음,59,126
Nanji_Hangang,20260403,1700,TMP,20260403,2100,15,59,126
Nanji_Hangang,20260403,1700,UUU,20260403,2100,0.2,59,126
Nanji_Hangang,20260403,1700,VVV,20260403,2100,2.7,59,126
Nanji_Hangang,20260403,1700,VEC,20260403,2100,186,59,126
Nanji_Hangang,20260403,1700,WSD,20260403,2100,2.8,59,126
Nanji_Hangang,20260403,1700,SKY,20260403,2100,3,59,126
Nanji_Hangang,20260403,1700,PTY,20260403,2100,0,59,126
Nanji_Hangang,20260403,1700,POP,20260403,2100,20,59,126
Nanji_Hangang,20260403,1700,WAV,20260403,2100,0,59,126
Nanji_Hangang,20260403,1700,PCP,20260403,2100,강수없음,59,126
Nanji_Hangang,20260403,1700,REH,20260403,2100,60,59,126
Nanji_Hangang,20260403,1700,SNO,20260403,2100,적설없음,59,126
Nanji_Hangang,20260403,1700,TMP,20260403,2200,15,59,126
Nanji_Hangang,20260403,1700,UUU,20260403,2200,0.4,59,126
Nanji_Hangang,20260403,1700,VVV,20260403,2200,2.9,59,126
Nanji_Hangang,20260403,1700,VEC,20260403,2200,189,59,126
Nanji_Hangang,20260403,1700,WSD,20260403,2200,3,59,126
Nanji_Hangang,20260403,1700,SKY,20260403,2200,4,59,126
Nanji_Hangang,20260403,1700,PTY,20260403,2200,0,59,126
Nanji_Hangang,20260403,1700,POP,20260403,2200,30,59,126
Nanji_Hangang,20260403,1700,WAV,20260403,2200,0,59,126
Nanji_Hangang,20260403,1700,PCP,20260403,2200,강수없음,59,126
Nanji_Hangang,20260403,1700,REH,20260403,2200,65,59,126
Nanji_Hangang,20260403,1700,SNO,20260403,2200,적설없음,59,126
Nanji_Hangang,20260403,1700,TMP,20260403,2300,14,59,126
Nanji_Hangang,20260403,1700,UUU,20260403,2300,0,59,126
Nanji_Hangang,20260403,1700,VVV,20260403,2300,3.1,59,126
Nanji_Hangang,20260403,1700,VEC,20260403,2300,180,59,126
Nanji_Hangang,20260403,1700,WSD,20260403,2300,3.1,59,126
Nanji_Hangang,20260403,1700,SKY,20260403,2300,3,59,126
Nanji_Hangang,20260403,1700,PTY,20260403,2300,0,59,126
Nanji_Hangang,20260403,1700,POP,20260403,2300,20,59,126
Nanji_Hangang,20260403,1700,WAV,20260403,2300,0,59,126
Nanji_Hangang,20260403,1700,PCP,20260403,2300,강수없음,59,126
Nanji_Hangang,20260403,1700,REH,20260403,2300,70,59,126
Nanji_Hangang,20260403,1700,SNO,20260403,2300,적설없음,59,126
Nanji_Hangang,20260403,1700,TMP,20260404,0000,14,59,126
Nanji_Hangang,20260403,1700,UUU,20260404,0000,-0.7,59,126
Nanji_Hangang,20260403,1700,VVV,20260404,0000,3.4,59,126
Nanji_Hangang,20260403,1700,VEC,20260404,0000,166,59,126
Nanji_Hangang,20260403,1700,WSD,20260404,0000,3.6,59,126
Nanji_Hangang,20260403,1700,SKY,20260404,0000,4,59,126
Nanji_Hangang,20260403,1700,PTY,20260404,0000,1,59,126
Nanji_Hangang,20260403,1700,POP,20260404,0000,60,59,126
Nanji_Hangang,20260403,1700,WAV,20260404,0000,0,59,126
Nanji_Hangang,20260403,1700,PCP,20260404,0000,1mm 미만,59,126
Nanji_Hangang,20260403,1700,REH,20260404,0000,75,59,126
Nanji_Hangang,20260403,1700,SNO,20260404,0000,적설없음,59,126
Nanji_Hangang,20260403,1700,TMP,20260404,0100,14,59,126
Nanji_Hangang,20260403,1700,UUU,20260404,0100,-1.8,59,126
Nanji_Hangang,20260403,1700,VVV,20260404,0100,2.6,59,126
Nanji_Hangang,20260403,1700,VEC,20260404,0100,143,59,126
Nanji_Hangang,20260403,1700,WSD,20260404,0100,3.3,59,126
Nanji_Hangang,20260403,1700,SKY,20260404,0100,4,59,126
Nanji_Hangang,20260403,1700,PTY,20260404,0100,1,59,126
Nanji_Hangang,20260403,1700,POP,20260404,0100,60,59,126
Nanji_Hangang,20260403,1700,WAV,20260404,0100,0,59,126
Nanji_Hangang,20260403,1700,PCP,20260404,0100,1mm 미만,59,126
Nanji_Hangang,20260403,1700,REH,20260404,0100,80,59,126
Nanji_Hangang,20260403,1700,SNO,20260404,0100,적설없음,59,126
Nanji_Hangang,20260403,1700,TMP,20260404,0200,14,59,126
Nanji_Hangang,20260403,1700,UUU,20260404,0200,-2.1,59,126
Nanji_Hangang,20260403,1700,VVV,20260404,0200,1.9,59,126
Nanji_Hangang,20260403,1700,VEC,20260404,0200,131,59,126
Nanji_Hangang,20260403,1700,WSD,20260404,0200,3,59,126
Nanji_Hangang,20260403,1700,SKY,20260404,0200,4,59,126
Nanji_Hangang,20260403,1700,PTY,20260404,0200,1,59,126
Nanji_Hangang,20260403,1700,POP,20260404,0200,60,59,126
Nanji_Hangang,20260403,1700,WAV,20260404,0200,0,59,126
Nanji_Hangang,20260403,1700,PCP,20260404,0200,1mm 미만,59,126
Nanji_Hangang,20260403,1700,REH,20260404,0200,85,59,126
Nanji_Hangang,20260403,1700,SNO,20260404,0200,적설없음,59,126
Nanji_Hangang,20260403,1700,TMP,20260404,0300,14,59,126
Nanji_Hangang,20260403,1700,UUU,20260404,0300,-2.5,59,126
Nanji_Hangang,20260403,1700,VVV,20260404,0300,1.2,59,126
Nanji_Hangang,20260403,1700,VEC,20260404,0300,116,59,126
Nanji_Hangang,20260403,1700,WSD,20260404,0300,2.9,59,126
Nanji_Hangang,20260403,1700,SKY,20260404,0300,4,59,126
Nanji_Hangang,20260403,1700,PTY,20260404,0300,1,59,126
Nanji_Hangang,20260403,1700,POP,20260404,0300,60,59,126
Nanji_Hangang,20260403,1700,WAV,20260404,0300,0,59,126
Nanji_Hangang,20260403,1700,PCP,20260404,0300,1.0mm,59,126
Nanji_Hangang,20260403,1700,REH,20260404,0300,90,59,126
Nanji_Hangang,20260403,1700,SNO,20260404,0300,적설없음,59,126
Nanji_Hangang,20260403,1700,TMP,20260404,0400,13,59,126
Nanji_Hangang,20260403,1700,UUU,20260404,0400,-2.4,59,126
Nanji_Hangang,20260403,1700,VVV,20260404,0400,0.8,59,126
Nanji_Hangang,20260403,1700,VEC,20260404,0400,109,59,126
Nanji_Hangang,20260403,1700,WSD,20260404,0400,2.7,59,126
Nanji_Hangang,20260403,1700,SKY,20260404,0400,4,59,126
Nanji_Hangang,20260403,1700,PTY,20260404,0400,1,59,126
Nanji_Hangang,20260403,1700,POP,20260404,0400,60,59,126
Nanji_Hangang,20260403,1700,WAV,20260404,0400,0,59,126
Nanji_Hangang,20260403,1700,PCP,20260404,0400,2.0mm,59,126
Nanji_Hangang,20260403,1700,REH,20260404,0400,90,59,126
Nanji_Hangang,20260403,1700,SNO,20260404,0400,적설없음,59,126
Nanji_Hangang,20260403,1700,TMP,20260404,0500,13,59,126
Nanji_Hangang,20260403,1700,UUU,20260404,0500,-2.2,59,126
Nanji_Hangang,20260403,1700,VVV,20260404,0500,0.5,59,126
Nanji_Hangang,20260403,1700,VEC,20260404,0500,104,59,126
Nanji_Hangang,20260403,1700,WSD,20260404,0500,2.4,59,126
Nanji_Hangang,20260403,1700,SKY,20260404,0500,4,59,126
Nanji_Hangang,20260403,1700,PTY,20260404,0500,1,59,126
Nanji_Hangang,20260403,1700,POP,20260404,0500,60,59,126
Nanji_Hangang,20260403,1700,WAV,20260404,0500,0,59,126
Nanji_Hangang,20260403,1700,PCP,20260404,0500,2.0mm,59,126
Nanji_Hangang,20260403,1700,REH,20260404,0500,90,59,126
Nanji_Hangang,20260403,1700,SNO,20260404,0500,적설없음,59,126
Nanji_Hangang,20260403,1700,TMP,20260404,0600,14,59,126
Nanji_Hangang,20260403,1700,UUU,20260404,0600,-2,59,126
Nanji_Hangang,20260403,1700,VVV,20260404,0600,0,59,126
Nanji_Hangang,20260403,1700,VEC,20260404,0600,90,59,126
Nanji_Hangang,20260403,1700,WSD,20260404,0600,2.1,59,126
Nanji_Hangang,20260403,1700,SKY,20260404,0600,4,59,126
Nanji_Hangang,20260403,1700,PTY,20260404,0600,1,59,126
Nanji_Hangang,20260403,1700,POP,20260404,0600,60,59,126
Nanji_Hangang,20260403,1700,WAV,20260404,0600,0,59,126
Nanji_Hangang,20260403,1700,PCP,20260404,0600,2.0mm,59,126
Nanji_Hangang,20260403,1700,REH,20260404,0600,95,59,126
Nanji_Hangang,20260403,1700,SNO,20260404,0600,적설없음,59,126
Nanji_Hangang,20260403,1700,TMN,20260404,0600,11.0,59,126
Nanji_Hangang,20260403,1700,TMP,20260404,0700,14,59,126
Nanji_Hangang,20260403,1700,UUU,20260404,0700,-1.3,59,126
Nanji_Hangang,20260403,1700,VVV,20260404,0700,-0.3,59,126
Nanji_Hangang,20260403,1700,VEC,20260404,0700,75,59,126
Nanji_Hangang,20260403,1700,WSD,20260404,0700,1.5,59,126
Nanji_Hangang,20260403,1700,SKY,20260404,0700,4,59,126
Nanji_Hangang,20260403,1700,PTY,20260404,0700,1,59,126
Nanji_Hangang,20260403,1700,POP,20260404,0700,60,59,126
Nanji_Hangang,20260403,1700,WAV,20260404,0700,0,59,126
Nanji_Hangang,20260403,1700,PCP,20260404,0700,2.0mm,59,126
Nanji_Hangang,20260403,1700,REH,20260404,0700,95,59,126
Nanji_Hangang,20260403,1700,SNO,20260404,0700,적설없음,59,126
Nanji_Hangang,20260403,1700,TMP,20260404,0800,14,59,126
Nanji_Hangang,20260403,1700,UUU,20260404,0800,-0.8,59,126
Nanji_Hangang,20260403,1700,VVV,20260404,0800,-0.7,59,126
Nanji_Hangang,20260403,1700,VEC,20260404,0800,51,59,126
Nanji_Hangang,20260403,1700,WSD,20260404,0800,1.2,59,126
Nanji_Hangang,20260403,1700,SKY,20260404,0800,4,59,126
Nanji_Hangang,20260403,1700,PTY,20260404,0800,1,59,126
Nanji_Hangang,20260403,1700,POP,20260404,0800,60,59,126
Nanji_Hangang,20260403,1700,WAV,20260404,0800,0,59,126
Nanji_Hangang,20260403,1700,PCP,20260404,0800,2.0mm,59,126
Nanji_Hangang,20260403,1700,REH,20260404,0800,95,59,126
Nanji_Hangang,20260403,1700,SNO,20260404,0800,적설없음,59,126
Nanji_Hangang,20260403,1700,TMP,20260404,0900,14,59,126
Nanji_Hangang,20260403,1700,UUU,20260404,0900,-0.1,59,126
Nanji_Hangang,20260403,1700,VVV,20260404,0900,-1.1,59,126
Nanji_Hangang,20260403,1700,VEC,20260404,0900,14,59,126
Nanji_Hangang,20260403,1700,WSD,20260404,0900,1.2,59,126
Nanji_Hangang,20260403,1700,SKY,20260404,0900,4,59,126
Nanji_Hangang,20260403,1700,PTY,20260404,0900,1,59,126
Nanji_Hangang,20260403,1700,POP,20260404,0900,60,59,126
Nanji_Hangang,20260403,1700,WAV,20260404,0900,0,59,126
Nanji_Hangang,20260403,1700,PCP,20260404,0900,2.0mm,59,126
Nanji_Hangang,20260403,1700,REH,20260404,0900,95,59,126
Nanji_Hangang,20260403,1700,SNO,20260404,0900,적설없음,59,126
Nanji_Hangang,20260403,1700,TMP,20260404,1000,14,59,126
Nanji_Hangang,20260403,1700,UUU,20260404,1000,0.1,59,126
Nanji_Hangang,20260403,1700,VVV,20260404,1000,-1,59,126
Nanji_Hangang,20260403,1700,VEC,20260404,1000,350,59,126
Nanji_Hangang,20260403,1700,WSD,20260404,1000,1.1,59,126
Nanji_Hangang,20260403,1700,SKY,20260404,1000,4,59,126
Nanji_Hangang,20260403,1700,PTY,20260404,1000,1,59,126
Nanji_Hangang,20260403,1700,POP,20260404,1000,60,59,126
Nanji_Hangang,20260403,1700,WAV,20260404,1000,0,59,126
Nanji_Hangang,20260403,1700,PCP,20260404,1000,1mm 미만,59,126
Nanji_Hangang,20260403,1700,REH,20260404,1000,90,59,126
Nanji_Hangang,20260403,1700,SNO,20260404,1000,적설없음,59,126
Nanji_Hangang,20260403,1700,TMP,20260404,1100,14,59,126
Nanji_Hangang,20260403,1700,UUU,20260404,1100,1,59,126
Nanji_Hangang,20260403,1700,VVV,20260404,1100,-1.1,59,126
Nanji_Hangang,20260403,1700,VEC,20260404,1100,317,59,126
Nanji_Hangang,20260403,1700,WSD,20260404,1100,1.6,59,126
Nanji_Hangang,20260403,1700,SKY,20260404,1100,4,59,126
Nanji_Hangang,20260403,1700,PTY,20260404,1100,1,59,126
Nanji_Hangang,20260403,1700,POP,20260404,1100,60,59,126
Nanji_Hangang,20260403,1700,WAV,20260404,1100,0,59,126
Nanji_Hangang,20260403,1700,PCP,20260404,1100,1mm 미만,59,126
Nanji_Hangang,20260403,1700,REH,20260404,1100,90,59,126
Nanji_Hangang,20260403,1700,SNO,20260404,1100,적설없음,59,126
Nanji_Hangang,20260403,1700,TMP,20260404,1200,15,59,126
Nanji_Hangang,20260403,1700,UUU,20260404,1200,1.6,59,126
Nanji_Hangang,20260403,1700,VVV,20260404,1200,-0.8,59,126
Nanji_Hangang,20260403,1700,VEC,20260404,1200,298,59,126
Nanji_Hangang,20260403,1700,WSD,20260404,1200,1.9,59,126
Nanji_Hangang,20260403,1700,SKY,20260404,1200,4,59,126
Nanji_Hangang,20260403,1700,PTY,20260404,1200,0,59,126
Nanji_Hangang,20260403,1700,POP,20260404,1200,30,59,126
Nanji_Hangang,20260403,1700,WAV,20260404,1200,0,59,126
Nanji_Hangang,20260403,1700,PCP,20260404,1200,강수없음,59,126
Nanji_Hangang,20260403,1700,REH,20260404,1200,80,59,126
Nanji_Hangang,20260403,1700,SNO,20260404,1200,적설없음,59,126
Nanji_Hangang,20260403,1700,TMP,20260404,1300,15,59,126
Nanji_Hangang,20260403,1700,UUU,20260404,1300,2.1,59,126
Nanji_Hangang,20260403,1700,VVV,20260404,1300,-0.5,59,126
Nanji_Hangang,20260403,1700,VEC,20260404,1300,285,59,126
Nanji_Hangang,20260403,1700,WSD,20260404,1300,2.2,59,126
Nanji_Hangang,20260403,1700,SKY,20260404,1300,4,59,126
Nanji_Hangang,20260403,1700,PTY,20260404,1300,0,59,126
Nanji_Hangang,20260403,1700,POP,20260404,1300,30,59,126
Nanji_Hangang,20260403,1700,WAV,20260404,1300,0,59,126
Nanji_Hangang,20260403,1700,PCP,20260404,1300,강수없음,59,126
Nanji_Hangang,20260403,1700,REH,20260404,1300,75,59,126
Nanji_Hangang,20260403,1700,SNO,20260404,1300,적설없음,59,126
Nanji_Hangang,20260403,1700,TMP,20260404,1400,16,59,126
Nanji_Hangang,20260403,1700,UUU,20260404,1400,2.5,59,126
Nanji_Hangang,20260403,1700,VVV,20260404,1400,0,59,126
Nanji_Hangang,20260403,1700,VEC,20260404,1400,268,59,126
Nanji_Hangang,20260403,1700,WSD,20260404,1400,2.6,59,126
Nanji_Hangang,20260403,1700,SKY,20260404,1400,4,59,126
Nanji_Hangang,20260403,1700,PTY,20260404,1400,0,59,126
Nanji_Hangang,20260403,1700,POP,20260404,1400,30,59,126
Nanji_Hangang,20260403,1700,WAV,20260404,1400,0,59,126
Nanji_Hangang,20260403,1700,PCP,20260404,1400,강수없음,59,126
Nanji_Hangang,20260403,1700,REH,20260404,1400,70,59,126
Nanji_Hangang,20260403,1700,SNO,20260404,1400,적설없음,59,126
Nanji_Hangang,20260403,1700,TMP,20260404,1500,16,59,126
Nanji_Hangang,20260403,1700,UUU,20260404,1500,3.1,59,126
Nanji_Hangang,20260403,1700,VVV,20260404,1500,1.2,59,126
Nanji_Hangang,20260403,1700,VEC,20260404,1500,248,59,126
Nanji_Hangang,20260403,1700,WSD,20260404,1500,3.4,59,126
Nanji_Hangang,20260403,1700,SKY,20260404,1500,4,59,126
Nanji_Hangang,20260403,1700,PTY,20260404,1500,0,59,126
Nanji_Hangang,20260403,1700,POP,20260404,1500,30,59,126
Nanji_Hangang,20260403,1700,WAV,20260404,1500,0,59,126
Nanji_Hangang,20260403,1700,PCP,20260404,1500,강수없음,59,126
Nanji_Hangang,20260403,1700,REH,20260404,1500,70,59,126
Nanji_Hangang,20260403,1700,SNO,20260404,1500,적설없음,59,126
Nanji_Hangang,20260403,1700,TMX,20260404,1500,17.0,59,126
Nanji_Hangang,20260403,1700,TMP,20260404,1600,16,59,126
Nanji_Hangang,20260403,1700,UUU,20260404,1600,2.8,59,126
Nanji_Hangang,20260403,1700,VVV,20260404,1600,2,59,126
Nanji_Hangang,20260403,1700,VEC,20260404,1600,235,59,126
Nanji_Hangang,20260403,1700,WSD,20260404,1600,3.5,59,126
Nanji_Hangang,20260403,1700,SKY,20260404,1600,4,59,126
Nanji_Hangang,20260403,1700,PTY,20260404,1600,0,59,126
Nanji_Hangang,20260403,1700,POP,20260404,1600,30,59,126
Nanji_Hangang,20260403,1700,WAV,20260404,1600,0,59,126
Nanji_Hangang,20260403,1700,PCP,20260404,1600,강수없음,59,126
Nanji_Hangang,20260403,1700,REH,20260404,1600,70,59,126
Nanji_Hangang,20260403,1700,SNO,20260404,1600,적설없음,59,126
Nanji_Hangang,20260403,1700,TMP,20260404,1700,15,59,126
Nanji_Hangang,20260403,1700,UUU,20260404,1700,2.4,59,126
Nanji_Hangang,20260403,1700,VVV,20260404,1700,2.2,59,126
Nanji_Hangang,20260403,1700,VEC,20260404,1700,227,59,126
Nanji_Hangang,20260403,1700,WSD,20260404,1700,3.3,59,126
Nanji_Hangang,20260403,1700,SKY,20260404,1700,4,59,126
Nanji_Hangang,20260403,1700,PTY,20260404,1700,0,59,126
Nanji_Hangang,20260403,1700,POP,20260404,1700,30,59,126
Nanji_Hangang,20260403,1700,WAV,20260404,1700,0,59,126
Nanji_Hangang,20260403,1700,PCP,20260404,1700,강수없음,59,126
Nanji_Hangang,20260403,1700,REH,20260404,1700,70,59,126
Nanji_Hangang,20260403,1700,SNO,20260404,1700,적설없음,59,126
Nanji_Hangang,20260403,1700,TMP,20260404,1800,14,59,126
Nanji_Hangang,20260403,1700,UUU,20260404,1800,2,59,126
Nanji_Hangang,20260403,1700,VVV,20260404,1800,2.4,59,126
Nanji_Hangang,20260403,1700,VEC,20260404,1800,219,59,126
Nanji_Hangang,20260403,1700,WSD,20260404,1800,3.2,59,126
Nanji_Hangang,20260403,1700,SKY,20260404,1800,4,59,126
Nanji_Hangang,20260403,1700,PTY,20260404,1800,0,59,126
Nanji_Hangang,20260403,1700,POP,20260404,1800,30,59,126
Nanji_Hangang,20260403,1700,WAV,20260404,1800,0,59,126
Nanji_Hangang,20260403,1700,PCP,20260404,1800,강수없음,59,126
Nanji_Hangang,20260403,1700,REH,20260404,1800,70,59,126
Nanji_Hangang,20260403,1700,SNO,20260404,1800,적설없음,59,126
Nanji_Hangang,20260403,1700,TMP,20260404,1900,13,59,126
Nanji_Hangang,20260403,1700,UUU,20260404,1900,1.7,59,126
Nanji_Hangang,20260403,1700,VVV,20260404,1900,2.4,59,126
Nanji_Hangang,20260403,1700,VEC,20260404,1900,216,59,126
Nanji_Hangang,20260403,1700,WSD,20260404,1900,3,59,126
Nanji_Hangang,20260403,1700,SKY,20260404,1900,3,59,126
Nanji_Hangang,20260403,1700,PTY,20260404,1900,0,59,126
Nanji_Hangang,20260403,1700,POP,20260404,1900,20,59,126
Nanji_Hangang,20260403,1700,WAV,20260404,1900,0,59,126
Nanji_Hangang,20260403,1700,PCP,20260404,1900,강수없음,59,126
Nanji_Hangang,20260403,1700,REH,20260404,1900,75,59,126
Nanji_Hangang,20260403,1700,SNO,20260404,1900,적설없음,59,126
Nanji_Hangang,20260403,1700,TMP,20260404,2000,12,59,126
Nanji_Hangang,20260403,1700,UUU,20260404,2000,1.4,59,126
Nanji_Hangang,20260403,1700,VVV,20260404,2000,2.1,59,126
Nanji_Hangang,20260403,1700,VEC,20260404,2000,214,59,126
Nanji_Hangang,20260403,1700,WSD,20260404,2000,2.6,59,126
Nanji_Hangang,20260403,1700,SKY,20260404,2000,3,59,126
Nanji_Hangang,20260403,1700,PTY,20260404,2000,0,59,126
Nanji_Hangang,20260403,1700,POP,20260404,2000,20,59,126
Nanji_Hangang,20260403,1700,WAV,20260404,2000,0,59,126
Nanji_Hangang,20260403,1700,PCP,20260404,2000,강수없음,59,126
Nanji_Hangang,20260403,1700,REH,20260404,2000,75,59,126
Nanji_Hangang,20260403,1700,SNO,20260404,2000,적설없음,59,126
Nanji_Hangang,20260403,1700,TMP,20260404,2100,11,59,126
Nanji_Hangang,20260403,1700,UUU,20260404,2100,1.4,59,126
Nanji_Hangang,20260403,1700,VVV,20260404,2100,1.8,59,126
Nanji_Hangang,20260403,1700,VEC,20260404,2100,218,59,126
Nanji_Hangang,20260403,1700,WSD,20260404,2100,2.4,59,126
Nanji_Hangang,20260403,1700,SKY,20260404,2100,3,59,126
Nanji_Hangang,20260403,1700,PTY,20260404,2100,0,59,126
Nanji_Hangang,20260403,1700,POP,20260404,2100,20,59,126
Nanji_Hangang,20260403,1700,WAV,20260404,2100,0,59,126
Nanji_Hangang,20260403,1700,PCP,20260404,2100,강수없음,59,126
Nanji_Hangang,20260403,1700,REH,20260404,2100,80,59,126
Nanji_Hangang,20260403,1700,SNO,20260404,2100,적설없음,59,126
Nanji_Hangang,20260403,1700,TMP,20260404,2200,11,59,126
Nanji_Hangang,20260403,1700,UUU,20260404,2200,1.4,59,126
Nanji_Hangang,20260403,1700,VVV,20260404,2200,1.7,59,126
Nanji_Hangang,20260403,1700,VEC,20260404,2200,220,59,126
Nanji_Hangang,20260403,1700,WSD,20260404,2200,2.3,59,126
Nanji_Hangang,20260403,1700,SKY,20260404,2200,3,59,126
Nanji_Hangang,20260403,1700,PTY,20260404,2200,0,59,126
Nanji_Hangang,20260403,1700,POP,20260404,2200,20,59,126
Nanji_Hangang,20260403,1700,WAV,20260404,2200,0,59,126
Nanji_Hangang,20260403,1700,PCP,20260404,2200,강수없음,59,126
Nanji_Hangang,20260403,1700,REH,20260404,2200,80,59,126
Nanji_Hangang,20260403,1700,SNO,20260404,2200,적설없음,59,126
Nanji_Hangang,20260403,1700,TMP,20260404,2300,10,59,126
Nanji_Hangang,20260403,1700,UUU,20260404,2300,1.1,59,126
Nanji_Hangang,20260403,1700,VVV,20260404,2300,1.7,59,126
Nanji_Hangang,20260403,1700,VEC,20260404,2300,214,59,126
Nanji_Hangang,20260403,1700,WSD,20260404,2300,2.1,59,126
Nanji_Hangang,20260403,1700,SKY,20260404,2300,3,59,126
Nanji_Hangang,20260403,1700,PTY,20260404,2300,0,59,126
Nanji_Hangang,20260403,1700,POP,20260404,2300,20,59,126
Nanji_Hangang,20260403,1700,WAV,20260404,2300,0,59,126
Nanji_Hangang,20260403,1700,PCP,20260404,2300,강수없음,59,126
Nanji_Hangang,20260403,1700,REH,20260404,2300,85,59,126
Nanji_Hangang,20260403,1700,SNO,20260404,2300,적설없음,59,126
Nanji_Hangang,20260403,1700,TMP,20260405,0000,10,59,126
Nanji_Hangang,20260403,1700,UUU,20260405,0000,0.9,59,126
Nanji_Hangang,20260403,1700,VVV,20260405,0000,1.8,59,126
Nanji_Hangang,20260403,1700,VEC,20260405,0000,208,59,126
Nanji_Hangang,20260403,1700,WSD,20260405,0000,2.1,59,126
Nanji_Hangang,20260403,1700,SKY,20260405,0000,3,59,126
Nanji_Hangang,20260403,1700,PTY,20260405,0000,0,59,126
Nanji_Hangang,20260403,1700,POP,20260405,0000,20,59,126
Nanji_Hangang,20260403,1700,WAV,20260405,0000,0,59,126
Nanji_Hangang,20260403,1700,PCP,20260405,0000,강수없음,59,126
Nanji_Hangang,20260403,1700,REH,20260405,0000,85,59,126
Nanji_Hangang,20260403,1700,SNO,20260405,0000,적설없음,59,126
Nanji_Hangang,20260403,1700,TMP,20260405,0100,9,59,126
Nanji_Hangang,20260403,1700,UUU,20260405,0100,0.6,59,126
Nanji_Hangang,20260403,1700,VVV,20260405,0100,1.4,59,126
Nanji_Hangang,20260403,1700,VEC,20260405,0100,205,59,126
Nanji_Hangang,20260403,1700,WSD,20260405,0100,1.6,59,126
Nanji_Hangang,20260403,1700,SKY,20260405,0100,1,59,126
Nanji_Hangang,20260403,1700,PTY,20260405,0100,0,59,126
Nanji_Hangang,20260403,1700,POP,20260405,0100,0,59,126
Nanji_Hangang,20260403,1700,WAV,20260405,0100,0,59,126
Nanji_Hangang,20260403,1700,PCP,20260405,0100,강수없음,59,126
Nanji_Hangang,20260403,1700,REH,20260405,0100,85,59,126
Nanji_Hangang,20260403,1700,SNO,20260405,0100,적설없음,59,126
Nanji_Hangang,20260403,1700,TMP,20260405,0200,9,59,126
Nanji_Hangang,20260403,1700,UUU,20260405,0200,0.5,59,126
Nanji_Hangang,20260403,1700,VVV,20260405,0200,1.4,59,126
Nanji_Hangang,20260403,1700,VEC,20260405,0200,202,59,126
Nanji_Hangang,20260403,1700,WSD,20260405,0200,1.6,59,126
Nanji_Hangang,20260403,1700,SKY,20260405,0200,1,59,126
Nanji_Hangang,20260403,1700,PTY,20260405,0200,0,59,126
Nanji_Hangang,20260403,1700,POP,20260405,0200,0,59,126
Nanji_Hangang,20260403,1700,WAV,20260405,0200,0,59,126
Nanji_Hangang,20260403,1700,PCP,20260405,0200,강수없음,59,126
Nanji_Hangang,20260403,1700,REH,20260405,0200,90,59,126
Nanji_Hangang,20260403,1700,SNO,20260405,0200,적설없음,59,126
Nanji_Hangang,20260403,1700,TMP,20260405,0300,8,59,126
Nanji_Hangang,20260403,1700,UUU,20260405,0300,0.2,59,126
Nanji_Hangang,20260403,1700,VVV,20260405,0300,1.3,59,126
Nanji_Hangang,20260403,1700,VEC,20260405,0300,192,59,126
Nanji_Hangang,20260403,1700,WSD,20260405,0300,1.4,59,126
Nanji_Hangang,20260403,1700,SKY,20260405,0300,1,59,126
Nanji_Hangang,20260403,1700,PTY,20260405,0300,0,59,126
Nanji_Hangang,20260403,1700,POP,20260405,0300,0,59,126
Nanji_Hangang,20260403,1700,WAV,20260405,0300,0,59,126
Nanji_Hangang,20260403,1700,PCP,20260405,0300,강수없음,59,126
Nanji_Hangang,20260403,1700,REH,20260405,0300,90,59,126
Nanji_Hangang,20260403,1700,SNO,20260405,0300,적설없음,59,126
Nanji_Hangang,20260403,1700,TMP,20260405,0400,8,59,126
Nanji_Hangang,20260403,1700,UUU,20260405,0400,0,59,126
Nanji_Hangang,20260403,1700,VVV,20260405,0400,1,59,126
Nanji_Hangang,20260403,1700,VEC,20260405,0400,180,59,126
Nanji_Hangang,20260403,1700,WSD,20260405,0400,1,59,126
Nanji_Hangang,20260403,1700,SKY,20260405,0400,1,59,126
Nanji_Hangang,20260403,1700,PTY,20260405,0400,0,59,126
Nanji_Hangang,20260403,1700,POP,20260405,0400,0,59,126
Nanji_Hangang,20260403,1700,WAV,20260405,0400,0,59,126
Nanji_Hangang,20260403,1700,PCP,20260405,0400,강수없음,59,126
Nanji_Hangang,20260403,1700,REH,20260405,0400,95,59,126
Nanji_Hangang,20260403,1700,SNO,20260405,0400,적설없음,59,126
Nanji_Hangang,20260403,1700,TMP,20260405,0500,7,59,126
Nanji_Hangang,20260403,1700,UUU,20260405,0500,0,59,126
Nanji_Hangang,20260403,1700,VVV,20260405,0500,0.8,59,126
Nanji_Hangang,20260403,1700,VEC,20260405,0500,174,59,126
Nanji_Hangang,20260403,1700,WSD,20260405,0500,0.9,59,126
Nanji_Hangang,20260403,1700,SKY,20260405,0500,1,59,126
Nanji_Hangang,20260403,1700,PTY,20260405,0500,0,59,126
Nanji_Hangang,20260403,1700,POP,20260405,0500,0,59,126
Nanji_Hangang,20260403,1700,WAV,20260405,0500,0,59,126
Nanji_Hangang,20260403,1700,PCP,20260405,0500,강수없음,59,126
Nanji_Hangang,20260403,1700,REH,20260405,0500,95,59,126
Nanji_Hangang,20260403,1700,SNO,20260405,0500,적설없음,59,126
Nanji_Hangang,20260403,1700,TMP,20260405,0600,7,59,126
Nanji_Hangang,20260403,1700,UUU,20260405,0600,-0.1,59,126
Nanji_Hangang,20260403,1700,VVV,20260405,0600,1,59,126
Nanji_Hangang,20260403,1700,VEC,20260405,0600,165,59,126
Nanji_Hangang,20260403,1700,WSD,20260405,0600,1.1,59,126
Nanji_Hangang,20260403,1700,SKY,20260405,0600,3,59,126
Nanji_Hangang,20260403,1700,PTY,20260405,0600,0,59,126
Nanji_Hangang,20260403,1700,POP,20260405,0600,20,59,126
Nanji_Hangang,20260403,1700,WAV,20260405,0600,0,59,126
Nanji_Hangang,20260403,1700,PCP,20260405,0600,강수없음,59,126
Nanji_Hangang,20260403,1700,REH,20260405,0600,95,59,126
Nanji_Hangang,20260403,1700,SNO,20260405,0600,적설없음,59,126
Nanji_Hangang,20260403,1700,TMN,20260405,0600,6.0,59,126
Nanji_Hangang,20260403,1700,TMP,20260405,0700,7,59,126
Nanji_Hangang,20260403,1700,UUU,20260405,0700,-0.3,59,126
Nanji_Hangang,20260403,1700,VVV,20260405,0700,1,59,126
Nanji_Hangang,20260403,1700,VEC,20260405,0700,156,59,126
Nanji_Hangang,20260403,1700,WSD,20260405,0700,1.2,59,126
Nanji_Hangang,20260403,1700,SKY,20260405,0700,1,59,126
Nanji_Hangang,20260403,1700,PTY,20260405,0700,0,59,126
Nanji_Hangang,20260403,1700,POP,20260405,0700,0,59,126
Nanji_Hangang,20260403,1700,WAV,20260405,0700,0,59,126
Nanji_Hangang,20260403,1700,PCP,20260405,0700,강수없음,59,126
Nanji_Hangang,20260403,1700,REH,20260405,0700,95,59,126
Nanji_Hangang,20260403,1700,SNO,20260405,0700,적설없음,59,126
Nanji_Hangang,20260403,1700,TMP,20260405,0800,8,59,126
Nanji_Hangang,20260403,1700,UUU,20260405,0800,-0.5,59,126
Nanji_Hangang,20260403,1700,VVV,20260405,0800,1.1,59,126
Nanji_Hangang,20260403,1700,VEC,20260405,0800,150,59,126
Nanji_Hangang,20260403,1700,WSD,20260405,0800,1.3,59,126
Nanji_Hangang,20260403,1700,SKY,20260405,0800,1,59,126
Nanji_Hangang,20260403,1700,PTY,20260405,0800,0,59,126
Nanji_Hangang,20260403,1700,POP,20260405,0800,0,59,126
Nanji_Hangang,20260403,1700,WAV,20260405,0800,0,59,126
Nanji_Hangang,20260403,1700,PCP,20260405,0800,강수없음,59,126
Nanji_Hangang,20260403,1700,REH,20260405,0800,90,59,126
Nanji_Hangang,20260403,1700,SNO,20260405,0800,적설없음,59,126
Nanji_Hangang,20260403,1700,TMP,20260405,0900,10,59,126
Nanji_Hangang,20260403,1700,UUU,20260405,0900,-0.4,59,126
Nanji_Hangang,20260403,1700,VVV,20260405,0900,1.2,59,126
Nanji_Hangang,20260403,1700,VEC,20260405,0900,155,59,126
Nanji_Hangang,20260403,1700,WSD,20260405,0900,1.4,59,126
Nanji_Hangang,20260403,1700,SKY,20260405,0900,3,59,126
Nanji_Hangang,20260403,1700,PTY,20260405,0900,0,59,126
Nanji_Hangang,20260403,1700,POP,20260405,0900,20,59,126
Nanji_Hangang,20260403,1700,WAV,20260405,0900,0,59,126
Nanji_Hangang,20260403,1700,PCP,20260405,0900,강수없음,59,126
Nanji_Hangang,20260403,1700,REH,20260405,0900,80,59,126
Nanji_Hangang,20260403,1700,SNO,20260405,0900,적설없음,59,126
Nanji_Hangang,20260403,1700,TMP,20260405,1000,11,59,126
Nanji_Hangang,20260403,1700,UUU,20260405,1000,-0.3,59,126
Nanji_Hangang,20260403,1700,VVV,20260405,1000,1.5,59,126
Nanji_Hangang,20260403,1700,VEC,20260405,1000,163,59,126
Nanji_Hangang,20260403,1700,WSD,20260405,1000,1.6,59,126
Nanji_Hangang,20260403,1700,SKY,20260405,1000,1,59,126
Nanji_Hangang,20260403,1700,PTY,20260405,1000,0,59,126
Nanji_Hangang,20260403,1700,POP,20260405,1000,0,59,126
Nanji_Hangang,20260403,1700,WAV,20260405,1000,0,59,126
Nanji_Hangang,20260403,1700,PCP,20260405,1000,강수없음,59,126
Nanji_Hangang,20260403,1700,REH,20260405,1000,70,59,126
Nanji_Hangang,20260403,1700,SNO,20260405,1000,적설없음,59,126
Nanji_Hangang,20260403,1700,TMP,20260405,1100,13,59,126
Nanji_Hangang,20260403,1700,UUU,20260405,1100,0,59,126
Nanji_Hangang,20260403,1700,VVV,20260405,1100,1.8,59,126
Nanji_Hangang,20260403,1700,VEC,20260405,1100,177,59,126
Nanji_Hangang,20260403,1700,WSD,20260405,1100,1.9,59,126
Nanji_Hangang,20260403,1700,SKY,20260405,1100,1,59,126
Nanji_Hangang,20260403,1700,PTY,20260405,1100,0,59,126
Nanji_Hangang,20260403,1700,POP,20260405,1100,0,59,126
Nanji_Hangang,20260403,1700,WAV,20260405,1100,0,59,126
Nanji_Hangang,20260403,1700,PCP,20260405,1100,강수없음,59,126
Nanji_Hangang,20260403,1700,REH,20260405,1100,60,59,126
Nanji_Hangang,20260403,1700,SNO,20260405,1100,적설없음,59,126
Nanji_Hangang,20260403,1700,TMP,20260405,1200,14,59,126
Nanji_Hangang,20260403,1700,UUU,20260405,1200,0,59,126
Nanji_Hangang,20260403,1700,VVV,20260405,1200,2.3,59,126
Nanji_Hangang,20260403,1700,VEC,20260405,1200,182,59,126
Nanji_Hangang,20260403,1700,WSD,20260405,1200,2.4,59,126
Nanji_Hangang,20260403,1700,SKY,20260405,1200,1,59,126
Nanji_Hangang,20260403,1700,PTY,20260405,1200,0,59,126
Nanji_Hangang,20260403,1700,POP,20260405,1200,0,59,126
Nanji_Hangang,20260403,1700,WAV,20260405,1200,0,59,126
Nanji_Hangang,20260403,1700,PCP,20260405,1200,강수없음,59,126
Nanji_Hangang,20260403,1700,REH,20260405,1200,55,59,126
Nanji_Hangang,20260403,1700,SNO,20260405,1200,적설없음,59,126
Nanji_Hangang,20260403,1700,TMP,20260405,1300,16,59,126
Nanji_Hangang,20260403,1700,UUU,20260405,1300,0.6,59,126
Nanji_Hangang,20260403,1700,VVV,20260405,1300,2.6,59,126
Nanji_Hangang,20260403,1700,VEC,20260405,1300,195,59,126
Nanji_Hangang,20260403,1700,WSD,20260405,1300,2.7,59,126
Nanji_Hangang,20260403,1700,SKY,20260405,1300,1,59,126
Nanji_Hangang,20260403,1700,PTY,20260405,1300,0,59,126
Nanji_Hangang,20260403,1700,POP,20260405,1300,0,59,126
Nanji_Hangang,20260403,1700,WAV,20260405,1300,0,59,126
Nanji_Hangang,20260403,1700,PCP,20260405,1300,강수없음,59,126
Nanji_Hangang,20260403,1700,REH,20260405,1300,50,59,126
Nanji_Hangang,20260403,1700,SNO,20260405,1300,적설없음,59,126
Nanji_Hangang,20260403,1700,TMP,20260405,1400,17,59,126
Nanji_Hangang,20260403,1700,UUU,20260405,1400,0.8,59,126
Nanji_Hangang,20260403,1700,VVV,20260405,1400,2.9,59,126
Nanji_Hangang,20260403,1700,VEC,20260405,1400,195,59,126
Nanji_Hangang,20260403,1700,WSD,20260405,1400,3.1,59,126
Nanji_Hangang,20260403,1700,SKY,20260405,1400,1,59,126
Nanji_Hangang,20260403,1700,PTY,20260405,1400,0,59,126
Nanji_Hangang,20260403,1700,POP,20260405,1400,0,59,126
Nanji_Hangang,20260403,1700,WAV,20260405,1400,0,59,126
Nanji_Hangang,20260403,1700,PCP,20260405,1400,강수없음,59,126
Nanji_Hangang,20260403,1700,REH,20260405,1400,45,59,126
Nanji_Hangang,20260403,1700,SNO,20260405,1400,적설없음,59,126
Nanji_Hangang,20260403,1700,TMP,20260405,1500,17,59,126
Nanji_Hangang,20260403,1700,UUU,20260405,1500,0.9,59,126
Nanji_Hangang,20260403,1700,VVV,20260405,1500,2.9,59,126
Nanji_Hangang,20260403,1700,VEC,20260405,1500,198,59,126
Nanji_Hangang,20260403,1700,WSD,20260405,1500,3.1,59,126
Nanji_Hangang,20260403,1700,SKY,20260405,1500,4,59,126
Nanji_Hangang,20260403,1700,PTY,20260405,1500,0,59,126
Nanji_Hangang,20260403,1700,POP,20260405,1500,30,59,126
Nanji_Hangang,20260403,1700,WAV,20260405,1500,0,59,126
Nanji_Hangang,20260403,1700,PCP,20260405,1500,강수없음,59,126
Nanji_Hangang,20260403,1700,REH,20260405,1500,45,59,126
Nanji_Hangang,20260403,1700,SNO,20260405,1500,적설없음,59,126
Nanji_Hangang,20260403,1700,TMX,20260405,1500,17.0,59,126
Nanji_Hangang,20260403,1700,TMP,20260405,1600,17,59,126
Nanji_Hangang,20260403,1700,UUU,20260405,1600,0.9,59,126
Nanji_Hangang,20260403,1700,VVV,20260405,1600,2.6,59,126
Nanji_Hangang,20260403,1700,VEC,20260405,1600,200,59,126
Nanji_Hangang,20260403,1700,WSD,20260405,1600,2.8,59,126
Nanji_Hangang,20260403,1700,SKY,20260405,1600,4,59,126
Nanji_Hangang,20260403,1700,PTY,20260405,1600,0,59,126
Nanji_Hangang,20260403,1700,POP,20260405,1600,30,59,126
Nanji_Hangang,20260403,1700,WAV,20260405,1600,0,59,126
Nanji_Hangang,20260403,1700,PCP,20260405,1600,강수없음,59,126
Nanji_Hangang,20260403,1700,REH,20260405,1600,50,59,126
Nanji_Hangang,20260403,1700,SNO,20260405,1600,적설없음,59,126
Nanji_Hangang,20260403,1700,TMP,20260405,1700,16,59,126
Nanji_Hangang,20260403,1700,UUU,20260405,1700,0.7,59,126
Nanji_Hangang,20260403,1700,VVV,20260405,1700,2.2,59,126
Nanji_Hangang,20260403,1700,VEC,20260405,1700,197,59,126
Nanji_Hangang,20260403,1700,WSD,20260405,1700,2.4,59,126
Nanji_Hangang,20260403,1700,SKY,20260405,1700,4,59,126
Nanji_Hangang,20260403,1700,PTY,20260405,1700,0,59,126
Nanji_Hangang,20260403,1700,POP,20260405,1700,30,59,126
Nanji_Hangang,20260403,1700,WAV,20260405,1700,0,59,126
Nanji_Hangang,20260403,1700,PCP,20260405,1700,강수없음,59,126
Nanji_Hangang,20260403,1700,REH,20260405,1700,50,59,126
Nanji_Hangang,20260403,1700,SNO,20260405,1700,적설없음,59,126
Nanji_Hangang,20260403,1700,TMP,20260405,1800,15,59,126
Nanji_Hangang,20260403,1700,UUU,20260405,1800,0.8,59,126
Nanji_Hangang,20260403,1700,VVV,20260405,1800,1.5,59,126
Nanji_Hangang,20260403,1700,VEC,20260405,1800,209,59,126
Nanji_Hangang,20260403,1700,WSD,20260405,1800,1.8,59,126
Nanji_Hangang,20260403,1700,SKY,20260405,1800,4,59,126
Nanji_Hangang,20260403,1700,PTY,20260405,1800,0,59,126
Nanji_Hangang,20260403,1700,POP,20260405,1800,30,59,126
Nanji_Hangang,20260403,1700,WAV,20260405,1800,0,59,126
Nanji_Hangang,20260403,1700,PCP,20260405,1800,강수없음,59,126
Nanji_Hangang,20260403,1700,REH,20260405,1800,55,59,126
Nanji_Hangang,20260403,1700,SNO,20260405,1800,적설없음,59,126
Nanji_Hangang,20260403,1700,TMP,20260405,1900,14,59,126
Nanji_Hangang,20260403,1700,UUU,20260405,1900,0.6,59,126
Nanji_Hangang,20260403,1700,VVV,20260405,1900,1.5,59,126
Nanji_Hangang,20260403,1700,VEC,20260405,1900,201,59,126
Nanji_Hangang,20260403,1700,WSD,20260405,1900,1.7,59,126
Nanji_Hangang,20260403,1700,SKY,20260405,1900,4,59,126
Nanji_Hangang,20260403,1700,PTY,20260405,1900,0,59,126
Nanji_Hangang,20260403,1700,POP,20260405,1900,30,59,126
Nanji_Hangang,20260403,1700,WAV,20260405,1900,0,59,126
Nanji_Hangang,20260403,1700,PCP,20260405,1900,강수없음,59,126
Nanji_Hangang,20260403,1700,REH,20260405,1900,65,59,126
Nanji_Hangang,20260403,1700,SNO,20260405,1900,적설없음,59,126
Nanji_Hangang,20260403,1700,TMP,20260405,2000,12,59,126
Nanji_Hangang,20260403,1700,UUU,20260405,2000,0,59,126
Nanji_Hangang,20260403,1700,VVV,20260405,2000,1.8,59,126
Nanji_Hangang,20260403,1700,VEC,20260405,2000,180,59,126
Nanji_Hangang,20260403,1700,WSD,20260405,2000,1.8,59,126
Nanji_Hangang,20260403,1700,SKY,20260405,2000,4,59,126
Nanji_Hangang,20260403,1700,PTY,20260405,2000,0,59,126
Nanji_Hangang,20260403,1700,POP,20260405,2000,30,59,126
Nanji_Hangang,20260403,1700,WAV,20260405,2000,0,59,126
Nanji_Hangang,20260403,1700,PCP,20260405,2000,강수없음,59,126
Nanji_Hangang,20260403,1700,REH,20260405,2000,65,59,126
Nanji_Hangang,20260403,1700,SNO,20260405,2000,적설없음,59,126
Nanji_Hangang,20260403,1700,TMP,20260405,2100,12,59,126
Nanji_Hangang,20260403,1700,UUU,20260405,2100,0,59,126
Nanji_Hangang,20260403,1700,VVV,20260405,2100,2.3,59,126
Nanji_Hangang,20260403,1700,VEC,20260405,2100,182,59,126
Nanji_Hangang,20260403,1700,WSD,20260405,2100,2.4,59,126
Nanji_Hangang,20260403,1700,SKY,20260405,2100,4,59,126
Nanji_Hangang,20260403,1700,PTY,20260405,2100,0,59,126
Nanji_Hangang,20260403,1700,POP,20260405,2100,30,59,126
Nanji_Hangang,20260403,1700,WAV,20260405,2100,0,59,126
Nanji_Hangang,20260403,1700,PCP,20260405,2100,강수없음,59,126
Nanji_Hangang,20260403,1700,REH,20260405,2100,70,59,126
Nanji_Hangang,20260403,1700,SNO,20260405,2100,적설없음,59,126
Nanji_Hangang,20260403,1700,TMP,20260405,2200,11,59,126
Nanji_Hangang,20260403,1700,UUU,20260405,2200,0.1,59,126
Nanji_Hangang,20260403,1700,VVV,20260405,2200,2.5,59,126
Nanji_Hangang,20260403,1700,VEC,20260405,2200,184,59,126
Nanji_Hangang,20260403,1700,WSD,20260405,2200,2.6,59,126
Nanji_Hangang,20260403,1700,SKY,20260405,2200,4,59,126
Nanji_Hangang,20260403,1700,PTY,20260405,2200,0,59,126
Nanji_Hangang,20260403,1700,POP,20260405,2200,30,59,126
Nanji_Hangang,20260403,1700,WAV,20260405,2200,0,59,126
Nanji_Hangang,20260403,1700,PCP,20260405,2200,강수없음,59,126
Nanji_Hangang,20260403,1700,REH,20260405,2200,70,59,126
Nanji_Hangang,20260403,1700,SNO,20260405,2200,적설없음,59,126
Nanji_Hangang,20260403,1700,TMP,20260405,2300,11,59,126
Nanji_Hangang,20260403,1700,UUU,20260405,2300,0.4,59,126
Nanji_Hangang,20260403,1700,VVV,20260405,2300,2.4,59,126
Nanji_Hangang,20260403,1700,VEC,20260405,2300,191,59,126
Nanji_Hangang,20260403,1700,WSD,20260405,2300,2.5,59,126
Nanji_Hangang,20260403,1700,SKY,20260405,2300,4,59,126
Nanji_Hangang,20260403,1700,PTY,20260405,2300,0,59,126
Nanji_Hangang,20260403,1700,POP,20260405,2300,30,59,126
Nanji_Hangang,20260403,1700,WAV,20260405,2300,0,59,126
Nanji_Hangang,20260403,1700,PCP,20260405,2300,강수없음,59,126
Nanji_Hangang,20260403,1700,REH,20260405,2300,75,59,126
Nanji_Hangang,20260403,1700,SNO,20260405,2300,적설없음,59,126
Nanji_Hangang,20260403,1700,TMP,20260406,0000,11,59,126
Nanji_Hangang,20260403,1700,UUU,20260406,0000,0.8,59,126
Nanji_Hangang,20260403,1700,VVV,20260406,0000,2.4,59,126
Nanji_Hangang,20260403,1700,VEC,20260406,0000,200,59,126
Nanji_Hangang,20260403,1700,WSD,20260406,0000,2.6,59,126
Nanji_Hangang,20260403,1700,SKY,20260406,0000,4,59,126
Nanji_Hangang,20260403,1700,PTY,20260406,0000,0,59,126
Nanji_Hangang,20260403,1700,POP,20260406,0000,30,59,126
Nanji_Hangang,20260403,1700,WAV,20260406,0000,0,59,126
Nanji_Hangang,20260403,1700,PCP,20260406,0000,강수없음,59,126
Nanji_Hangang,20260403,1700,REH,20260406,0000,75,59,126
Nanji_Hangang,20260403,1700,SNO,20260406,0000,적설없음,59,126
Nanji_Hangang,20260403,1700,TMP,20260406,0100,10,59,126
Nanji_Hangang,20260403,1700,UUU,20260406,0100,0.5,59,126
Nanji_Hangang,20260403,1700,VVV,20260406,0100,2,59,126
Nanji_Hangang,20260403,1700,VEC,20260406,0100,196,59,126
Nanji_Hangang,20260403,1700,WSD,20260406,0100,2.1,59,126
Nanji_Hangang,20260403,1700,SKY,20260406,0100,1,59,126
Nanji_Hangang,20260403,1700,PTY,20260406,0100,0,59,126
Nanji_Hangang,20260403,1700,POP,20260406,0100,0,59,126
Nanji_Hangang,20260403,1700,WAV,20260406,0100,0,59,126
Nanji_Hangang,20260403,1700,PCP,20260406,0100,0,59,126
Nanji_Hangang,20260403,1700,REH,20260406,0100,70,59,126
Nanji_Hangang,20260403,1700,SNO,20260406,0100,0,59,126
Nanji_Hangang,20260403,1700,TMP,20260406,0200,10,59,126
Nanji_Hangang,20260403,1700,UUU,20260406,0200,0.4,59,126
Nanji_Hangang,20260403,1700,VVV,20260406,0200,1.9,59,126
Nanji_Hangang,20260403,1700,VEC,20260406,0200,194,59,126
Nanji_Hangang,20260403,1700,WSD,20260406,0200,2,59,126
Nanji_Hangang,20260403,1700,SKY,20260406,0200,1,59,126
Nanji_Hangang,20260403,1700,PTY,20260406,0200,0,59,126
Nanji_Hangang,20260403,1700,POP,20260406,0200,0,59,126
Nanji_Hangang,20260403,1700,WAV,20260406,0200,0,59,126
Nanji_Hangang,20260403,1700,PCP,20260406,0200,0,59,126
Nanji_Hangang,20260403,1700,REH,20260406,0200,70,59,126
Nanji_Hangang,20260403,1700,SNO,20260406,0200,0,59,126
Nanji_Hangang,20260403,1700,TMP,20260406,0300,10,59,126
Nanji_Hangang,20260403,1700,UUU,20260406,0300,0.4,59,126
Nanji_Hangang,20260403,1700,VVV,20260406,0300,2,59,126
Nanji_Hangang,20260403,1700,VEC,20260406,0300,191,59,126
Nanji_Hangang,20260403,1700,WSD,20260406,0300,2.1,59,126
Nanji_Hangang,20260403,1700,SKY,20260406,0300,4,59,126
Nanji_Hangang,20260403,1700,PTY,20260406,0300,0,59,126
Nanji_Hangang,20260403,1700,POP,20260406,0300,30,59,126
Nanji_Hangang,20260403,1700,WAV,20260406,0300,0,59,126
Nanji_Hangang,20260403,1700,PCP,20260406,0300,0,59,126
Nanji_Hangang,20260403,1700,REH,20260406,0300,70,59,126
Nanji_Hangang,20260403,1700,SNO,20260406,0300,0,59,126
Nanji_Hangang,20260403,1700,TMP,20260406,0400,9,59,126
Nanji_Hangang,20260403,1700,UUU,20260406,0400,0.3,59,126
Nanji_Hangang,20260403,1700,VVV,20260406,0400,2.1,59,126
Nanji_Hangang,20260403,1700,VEC,20260406,0400,188,59,126
Nanji_Hangang,20260403,1700,WSD,20260406,0400,2.2,59,126
Nanji_Hangang,20260403,1700,SKY,20260406,0400,4,59,126
Nanji_Hangang,20260403,1700,PTY,20260406,0400,1,59,126
Nanji_Hangang,20260403,1700,POP,20260406,0400,60,59,126
Nanji_Hangang,20260403,1700,WAV,20260406,0400,0,59,126
Nanji_Hangang,20260403,1700,PCP,20260406,0400,0.1,59,126
Nanji_Hangang,20260403,1700,REH,20260406,0400,70,59,126
Nanji_Hangang,20260403,1700,SNO,20260406,0400,0,59,126
Nanji_Hangang,20260403,1700,TMP,20260406,0500,9,59,126
Nanji_Hangang,20260403,1700,UUU,20260406,0500,0.3,59,126
Nanji_Hangang,20260403,1700,VVV,20260406,0500,1.8,59,126
Nanji_Hangang,20260403,1700,VEC,20260406,0500,192,59,126
Nanji_Hangang,20260403,1700,WSD,20260406,0500,1.9,59,126
Nanji_Hangang,20260403,1700,SKY,20260406,0500,4,59,126
Nanji_Hangang,20260403,1700,PTY,20260406,0500,1,59,126
Nanji_Hangang,20260403,1700,POP,20260406,0500,70,59,126
Nanji_Hangang,20260403,1700,WAV,20260406,0500,0,59,126
Nanji_Hangang,20260403,1700,PCP,20260406,0500,2.4,59,126
Nanji_Hangang,20260403,1700,REH,20260406,0500,70,59,126
Nanji_Hangang,20260403,1700,SNO,20260406,0500,0,59,126
Nanji_Hangang,20260403,1700,TMP,20260406,0600,10,59,126
Nanji_Hangang,20260403,1700,UUU,20260406,0600,0.4,59,126
Nanji_Hangang,20260403,1700,VVV,20260406,0600,1.7,59,126
Nanji_Hangang,20260403,1700,VEC,20260406,0600,196,59,126
Nanji_Hangang,20260403,1700,WSD,20260406,0600,1.8,59,126
Nanji_Hangang,20260403,1700,SKY,20260406,0600,4,59,126
Nanji_Hangang,20260403,1700,PTY,20260406,0600,1,59,126
Nanji_Hangang,20260403,1700,POP,20260406,0600,60,59,126
Nanji_Hangang,20260403,1700,WAV,20260406,0600,0,59,126
Nanji_Hangang,20260403,1700,PCP,20260406,0600,1.2,59,126
Nanji_Hangang,20260403,1700,REH,20260406,0600,75,59,126
Nanji_Hangang,20260403,1700,SNO,20260406,0600,0,59,126
Nanji_Hangang,20260403,1700,TMN,20260406,0600,8.0,59,126
Nanji_Hangang,20260403,1700,TMP,20260406,0700,10,59,126
Nanji_Hangang,20260403,1700,UUU,20260406,0700,0.7,59,126
Nanji_Hangang,20260403,1700,VVV,20260406,0700,1.1,59,126
Nanji_Hangang,20260403,1700,VEC,20260406,0700,214,59,126
Nanji_Hangang,20260403,1700,WSD,20260406,0700,1.4,59,126
Nanji_Hangang,20260403,1700,SKY,20260406,0700,4,59,126
Nanji_Hangang,20260403,1700,PTY,20260406,0700,1,59,126
Nanji_Hangang,20260403,1700,POP,20260406,0700,60,59,126
Nanji_Hangang,20260403,1700,WAV,20260406,0700,0,59,126
Nanji_Hangang,20260403,1700,PCP,20260406,0700,0.6,59,126
Nanji_Hangang,20260403,1700,REH,20260406,0700,80,59,126
Nanji_Hangang,20260403,1700,SNO,20260406,0700,0,59,126
Nanji_Hangang,20260403,1700,TMP,20260406,0800,10,59,126
Nanji_Hangang,20260403,1700,UUU,20260406,0800,1,59,126
Nanji_Hangang,20260403,1700,VVV,20260406,0800,0.8,59,126
Nanji_Hangang,20260403,1700,VEC,20260406,0800,231,59,126
Nanji_Hangang,20260403,1700,WSD,20260406,0800,1.4,59,126
Nanji_Hangang,20260403,1700,SKY,20260406,0800,4,59,126
Nanji_Hangang,20260403,1700,PTY,20260406,0800,1,59,126
Nanji_Hangang,20260403,1700,POP,20260406,0800,70,59,126
Nanji_Hangang,20260403,1700,WAV,20260406,0800,0,59,126
Nanji_Hangang,20260403,1700,PCP,20260406,0800,2.6,59,126
Nanji_Hangang,20260403,1700,REH,20260406,0800,85,59,126
Nanji_Hangang,20260403,1700,SNO,20260406,0800,0,59,126
Nanji_Hangang,20260403,1700,TMP,20260406,0900,11,59,126
Nanji_Hangang,20260403,1700,UUU,20260406,0900,1.1,59,126
Nanji_Hangang,20260403,1700,VVV,20260406,0900,0.3,59,126
Nanji_Hangang,20260403,1700,VEC,20260406,0900,252,59,126
Nanji_Hangang,20260403,1700,WSD,20260406,0900,1.2,59,126
Nanji_Hangang,20260403,1700,SKY,20260406,0900,4,59,126
Nanji_Hangang,20260403,1700,PTY,20260406,0900,1,59,126
Nanji_Hangang,20260403,1700,POP,20260406,0900,70,59,126
Nanji_Hangang,20260403,1700,WAV,20260406,0900,0,59,126
Nanji_Hangang,20260403,1700,PCP,20260406,0900,3.2,59,126
Nanji_Hangang,20260403,1700,REH,20260406,0900,85,59,126
Nanji_Hangang,20260403,1700,SNO,20260406,0900,0,59,126
Nanji_Hangang,20260403,1700,TMP,20260406,1000,11,59,126
Nanji_Hangang,20260403,1700,UUU,20260406,1000,1.5,59,126
Nanji_Hangang,20260403,1700,VVV,20260406,1000,0.7,59,126
Nanji_Hangang,20260403,1700,VEC,20260406,1000,243,59,126
Nanji_Hangang,20260403,1700,WSD,20260406,1000,1.7,59,126
Nanji_Hangang,20260403,1700,SKY,20260406,1000,4,59,126
Nanji_Hangang,20260403,1700,PTY,20260406,1000,0,59,126
Nanji_Hangang,20260403,1700,POP,20260406,1000,30,59,126
Nanji_Hangang,20260403,1700,WAV,20260406,1000,0,59,126
Nanji_Hangang,20260403,1700,PCP,20260406,1000,0,59,126
Nanji_Hangang,20260403,1700,REH,20260406,1000,85,59,126
Nanji_Hangang,20260403,1700,SNO,20260406,1000,0,59,126
Nanji_Hangang,20260403,1700,TMP,20260406,1100,12,59,126
Nanji_Hangang,20260403,1700,UUU,20260406,1100,2.1,59,126
Nanji_Hangang,20260403,1700,VVV,20260406,1100,1,59,126
Nanji_Hangang,20260403,1700,VEC,20260406,1100,243,59,126
Nanji_Hangang,20260403,1700,WSD,20260406,1100,2.4,59,126
Nanji_Hangang,20260403,1700,SKY,20260406,1100,4,59,126
Nanji_Hangang,20260403,1700,PTY,20260406,1100,1,59,126
Nanji_Hangang,20260403,1700,POP,20260406,1100,60,59,126
Nanji_Hangang,20260403,1700,WAV,20260406,1100,0,59,126
Nanji_Hangang,20260403,1700,PCP,20260406,1100,0.1,59,126
Nanji_Hangang,20260403,1700,REH,20260406,1100,80,59,126
Nanji_Hangang,20260403,1700,SNO,20260406,1100,0,59,126
Nanji_Hangang,20260403,1700,TMP,20260406,1200,13,59,126
Nanji_Hangang,20260403,1700,UUU,20260406,1200,2.5,59,126
Nanji_Hangang,20260403,1700,VVV,20260406,1200,1.6,59,126
Nanji_Hangang,20260403,1700,VEC,20260406,1200,237,59,126
Nanji_Hangang,20260403,1700,WSD,20260406,1200,3.1,59,126
Nanji_Hangang,20260403,1700,SKY,20260406,1200,1,59,126
Nanji_Hangang,20260403,1700,PTY,20260406,1200,0,59,126
Nanji_Hangang,20260403,1700,POP,20260406,1200,0,59,126
Nanji_Hangang,20260403,1700,WAV,20260406,1200,0,59,126
Nanji_Hangang,20260403,1700,PCP,20260406,1200,0,59,126
Nanji_Hangang,20260403,1700,REH,20260406,1200,75,59,126
Nanji_Hangang,20260403,1700,SNO,20260406,1200,0,59,126
Nanji_Hangang,20260403,1700,TMP,20260406,1300,14,59,126
Nanji_Hangang,20260403,1700,UUU,20260406,1300,3,59,126
Nanji_Hangang,20260403,1700,VVV,20260406,1300,1.5,59,126
Nanji_Hangang,20260403,1700,VEC,20260406,1300,242,59,126
Nanji_Hangang,20260403,1700,WSD,20260406,1300,3.4,59,126
Nanji_Hangang,20260403,1700,SKY,20260406,1300,1,59,126
Nanji_Hangang,20260403,1700,PTY,20260406,1300,0,59,126
Nanji_Hangang,20260403,1700,POP,20260406,1300,0,59,126
Nanji_Hangang,20260403,1700,WAV,20260406,1300,0,59,126
Nanji_Hangang,20260403,1700,PCP,20260406,1300,0,59,126
Nanji_Hangang,20260403,1700,REH,20260406,1300,70,59,126
Nanji_Hangang,20260403,1700,SNO,20260406,1300,0,59,126
Nanji_Hangang,20260403,1700,TMP,20260406,1400,14,59,126
Nanji_Hangang,20260403,1700,UUU,20260406,1400,3,59,126
Nanji_Hangang,20260403,1700,VVV,20260406,1400,1.5,59,126
Nanji_Hangang,20260403,1700,VEC,20260406,1400,243,59,126
Nanji_Hangang,20260403,1700,WSD,20260406,1400,3.4,59,126
Nanji_Hangang,20260403,1700,SKY,20260406,1400,1,59,126
Nanji_Hangang,20260403,1700,PTY,20260406,1400,0,59,126
Nanji_Hangang,20260403,1700,POP,20260406,1400,0,59,126
Nanji_Hangang,20260403,1700,WAV,20260406,1400,0,59,126
Nanji_Hangang,20260403,1700,PCP,20260406,1400,0,59,126
Nanji_Hangang,20260403,1700,REH,20260406,1400,60,59,126
Nanji_Hangang,20260403,1700,SNO,20260406,1400,0,59,126
Nanji_Hangang,20260403,1700,TMP,20260406,1500,14,59,126
Nanji_Hangang,20260403,1700,UUU,20260406,1500,3.1,59,126
Nanji_Hangang,20260403,1700,VVV,20260406,1500,1.3,59,126
Nanji_Hangang,20260403,1700,VEC,20260406,1500,246,59,126
Nanji_Hangang,20260403,1700,WSD,20260406,1500,3.4,59,126
Nanji_Hangang,20260403,1700,SKY,20260406,1500,1,59,126
Nanji_Hangang,20260403,1700,PTY,20260406,1500,0,59,126
Nanji_Hangang,20260403,1700,POP,20260406,1500,0,59,126
Nanji_Hangang,20260403,1700,WAV,20260406,1500,0,59,126
Nanji_Hangang,20260403,1700,PCP,20260406,1500,0,59,126
Nanji_Hangang,20260403,1700,REH,20260406,1500,55,59,126
Nanji_Hangang,20260403,1700,SNO,20260406,1500,0,59,126
Nanji_Hangang,20260403,1700,TMX,20260406,1500,14.0,59,126
Nanji_Hangang,20260403,1700,TMP,20260406,1600,13,59,126
Nanji_Hangang,20260403,1700,UUU,20260406,1600,2.7,59,126
Nanji_Hangang,20260403,1700,VVV,20260406,1600,1.4,59,126
Nanji_Hangang,20260403,1700,VEC,20260406,1600,243,59,126
Nanji_Hangang,20260403,1700,WSD,20260406,1600,3.1,59,126
Nanji_Hangang,20260403,1700,SKY,20260406,1600,1,59,126
Nanji_Hangang,20260403,1700,PTY,20260406,1600,0,59,126
Nanji_Hangang,20260403,1700,POP,20260406,1600,0,59,126
Nanji_Hangang,20260403,1700,WAV,20260406,1600,0,59,126
Nanji_Hangang,20260403,1700,PCP,20260406,1600,0,59,126
Nanji_Hangang,20260403,1700,REH,20260406,1600,50,59,126
Nanji_Hangang,20260403,1700,SNO,20260406,1600,0,59,126
Nanji_Hangang,20260403,1700,TMP,20260406,1700,13,59,126
Nanji_Hangang,20260403,1700,UUU,20260406,1700,2.5,59,126
Nanji_Hangang,20260403,1700,VVV,20260406,1700,1.1,59,126
Nanji_Hangang,20260403,1700,VEC,20260406,1700,245,59,126
Nanji_Hangang,20260403,1700,WSD,20260406,1700,2.8,59,126
Nanji_Hangang,20260403,1700,SKY,20260406,1700,1,59,126
Nanji_Hangang,20260403,1700,PTY,20260406,1700,0,59,126
Nanji_Hangang,20260403,1700,POP,20260406,1700,0,59,126
Nanji_Hangang,20260403,1700,WAV,20260406,1700,0,59,126
Nanji_Hangang,20260403,1700,PCP,20260406,1700,0,59,126
Nanji_Hangang,20260403,1700,REH,20260406,1700,45,59,126
Nanji_Hangang,20260403,1700,SNO,20260406,1700,0,59,126
Nanji_Hangang,20260403,1700,TMP,20260406,1800,12,59,126
Nanji_Hangang,20260403,1700,UUU,20260406,1800,2,59,126
Nanji_Hangang,20260403,1700,VVV,20260406,1800,1,59,126
Nanji_Hangang,20260403,1700,VEC,20260406,1800,242,59,126
Nanji_Hangang,20260403,1700,WSD,20260406,1800,2.3,59,126
Nanji_Hangang,20260403,1700,SKY,20260406,1800,1,59,126
Nanji_Hangang,20260403,1700,PTY,20260406,1800,0,59,126
Nanji_Hangang,20260403,1700,POP,20260406,1800,0,59,126
Nanji_Hangang,20260403,1700,WAV,20260406,1800,0,59,126
Nanji_Hangang,20260403,1700,PCP,20260406,1800,0,59,126
Nanji_Hangang,20260403,1700,REH,20260406,1800,45,59,126
Nanji_Hangang,20260403,1700,SNO,20260406,1800,0,59,126
Nanji_Hangang,20260403,1700,TMP,20260406,1900,10,59,126
Nanji_Hangang,20260403,1700,UUU,20260406,1900,1.6,59,126
Nanji_Hangang,20260403,1700,VVV,20260406,1900,1,59,126
Nanji_Hangang,20260403,1700,VEC,20260406,1900,237,59,126
Nanji_Hangang,20260403,1700,WSD,20260406,1900,2,59,126
Nanji_Hangang,20260403,1700,SKY,20260406,1900,1,59,126
Nanji_Hangang,20260403,1700,PTY,20260406,1900,0,59,126
Nanji_Hangang,20260403,1700,POP,20260406,1900,0,59,126
Nanji_Hangang,20260403,1700,WAV,20260406,1900,0,59,126
Nanji_Hangang,20260403,1700,PCP,20260406,1900,0,59,126
Nanji_Hangang,20260403,1700,REH,20260406,1900,45,59,126
Nanji_Hangang,20260403,1700,SNO,20260406,1900,0,59,126
Nanji_Hangang,20260403,1700,TMP,20260406,2000,10,59,126
Nanji_Hangang,20260403,1700,UUU,20260406,2000,1.5,59,126
Nanji_Hangang,20260403,1700,VVV,20260406,2000,0.7,59,126
Nanji_Hangang,20260403,1700,VEC,20260406,2000,242,59,126
Nanji_Hangang,20260403,1700,WSD,20260406,2000,1.7,59,126
Nanji_Hangang,20260403,1700,SKY,20260406,2000,1,59,126
Nanji_Hangang,20260403,1700,PTY,20260406,2000,0,59,126
Nanji_Hangang,20260403,1700,POP,20260406,2000,0,59,126
Nanji_Hangang,20260403,1700,WAV,20260406,2000,0,59,126
Nanji_Hangang,20260403,1700,PCP,20260406,2000,0,59,126
Nanji_Hangang,20260403,1700,REH,20260406,2000,45,59,126
Nanji_Hangang,20260403,1700,SNO,20260406,2000,0,59,126
Nanji_Hangang,20260403,1700,TMP,20260406,2100,9,59,126
Nanji_Hangang,20260403,1700,UUU,20260406,2100,1.2,59,126
Nanji_Hangang,20260403,1700,VVV,20260406,2100,0.5,59,126
Nanji_Hangang,20260403,1700,VEC,20260406,2100,245,59,126
Nanji_Hangang,20260403,1700,WSD,20260406,2100,1.4,59,126
Nanji_Hangang,20260403,1700,SKY,20260406,2100,1,59,126
Nanji_Hangang,20260403,1700,PTY,20260406,2100,0,59,126
Nanji_Hangang,20260403,1700,POP,20260406,2100,0,59,126
Nanji_Hangang,20260403,1700,WAV,20260406,2100,0,59,126
Nanji_Hangang,20260403,1700,PCP,20260406,2100,0,59,126
Nanji_Hangang,20260403,1700,REH,20260406,2100,50,59,126
Nanji_Hangang,20260403,1700,SNO,20260406,2100,0,59,126
Nanji_Hangang,20260403,1700,TMP,20260406,2200,8,59,126
Nanji_Hangang,20260403,1700,UUU,20260406,2200,1.3,59,126
Nanji_Hangang,20260403,1700,VVV,20260406,2200,0.4,59,126
Nanji_Hangang,20260403,1700,VEC,20260406,2200,250,59,126
Nanji_Hangang,20260403,1700,WSD,20260406,2200,1.4,59,126
Nanji_Hangang,20260403,1700,SKY,20260406,2200,1,59,126
Nanji_Hangang,20260403,1700,PTY,20260406,2200,0,59,126
Nanji_Hangang,20260403,1700,POP,20260406,2200,0,59,126
Nanji_Hangang,20260403,1700,WAV,20260406,2200,0,59,126
Nanji_Hangang,20260403,1700,PCP,20260406,2200,0,59,126
Nanji_Hangang,20260403,1700,REH,20260406,2200,50,59,126
Nanji_Hangang,20260403,1700,SNO,20260406,2200,0,59,126
Nanji_Hangang,20260403,1700,TMP,20260406,2300,7,59,126
Nanji_Hangang,20260403,1700,UUU,20260406,2300,1.1,59,126
Nanji_Hangang,20260403,1700,VVV,20260406,2300,0.3,59,126
Nanji_Hangang,20260403,1700,VEC,20260406,2300,252,59,126
Nanji_Hangang,20260403,1700,WSD,20260406,2300,1.2,59,126
Nanji_Hangang,20260403,1700,SKY,20260406,2300,1,59,126
Nanji_Hangang,20260403,1700,PTY,20260406,2300,0,59,126
Nanji_Hangang,20260403,1700,POP,20260406,2300,0,59,126
Nanji_Hangang,20260403,1700,WAV,20260406,2300,0,59,126
Nanji_Hangang,20260403,1700,PCP,20260406,2300,0,59,126
Nanji_Hangang,20260403,1700,REH,20260406,2300,55,59,126
Nanji_Hangang,20260403,1700,SNO,20260406,2300,0,59,126
Nanji_Hangang,20260403,1700,TMP,20260407,0000,7,59,126
Nanji_Hangang,20260403,1700,UUU,20260407,0000,1.3,59,126
Nanji_Hangang,20260403,1700,VVV,20260407,0000,0.2,59,126
Nanji_Hangang,20260403,1700,VEC,20260407,0000,258,59,126
Nanji_Hangang,20260403,1700,WSD,20260407,0000,1.4,59,126
Nanji_Hangang,20260403,1700,SKY,20260407,0000,1,59,126
Nanji_Hangang,20260403,1700,PTY,20260407,0000,0,59,126
Nanji_Hangang,20260403,1700,POP,20260407,0000,0,59,126
Nanji_Hangang,20260403,1700,WAV,20260407,0000,0,59,126
Nanji_Hangang,20260403,1700,PCP,20260407,0000,0,59,126
Nanji_Hangang,20260403,1700,REH,20260407,0000,60,59,126
Nanji_Hangang,20260403,1700,SNO,20260407,0000,0,59,126
Nanji_Hangang,20260403,1700,TMP,20260407,0300,6,59,126
Nanji_Hangang,20260403,1700,UUU,20260407,0300,1.5,59,126
Nanji_Hangang,20260403,1700,VVV,20260407,0300,-0.1,59,126
Nanji_Hangang,20260403,1700,VEC,20260407,0300,277,59,126
Nanji_Hangang,20260403,1700,WSD,20260407,0300,1,59,126
Nanji_Hangang,20260403,1700,SKY,20260407,0300,1,59,126
Nanji_Hangang,20260403,1700,PTY,20260407,0300,0,59,126
Nanji_Hangang,20260403,1700,POP,20260407,0300,0,59,126
Nanji_Hangang,20260403,1700,WAV,20260407,0300,0,59,126
Nanji_Hangang,20260403,1700,PCP,20260407,0300,0,59,126
Nanji_Hangang,20260403,1700,REH,20260407,0300,75,59,126
Nanji_Hangang,20260403,1700,SNO,20260407,0300,0,59,126
Nanji_Hangang,20260403,1700,TMP,20260407,0600,5,59,126
Nanji_Hangang,20260403,1700,UUU,20260407,0600,1.3,59,126
Nanji_Hangang,20260403,1700,VVV,20260407,0600,-0.1,59,126
Nanji_Hangang,20260403,1700,VEC,20260407,0600,278,59,126
Nanji_Hangang,20260403,1700,WSD,20260407,0600,1,59,126
Nanji_Hangang,20260403,1700,SKY,20260407,0600,1,59,126
Nanji_Hangang,20260403,1700,PTY,20260407,0600,0,59,126
Nanji_Hangang,20260403,1700,POP,20260407,0600,0,59,126
Nanji_Hangang,20260403,1700,WAV,20260407,0600,0,59,126
Nanji_Hangang,20260403,1700,PCP,20260407,0600,0,59,126
Nanji_Hangang,20260403,1700,REH,20260407,0600,75,59,126
Nanji_Hangang,20260403,1700,SNO,20260407,0600,0,59,126
Nanji_Hangang,20260403,1700,TMN,20260407,0600,4.0,59,126
Nanji_Hangang,20260403,1700,TMP,20260407,0900,8,59,126
Nanji_Hangang,20260403,1700,UUU,20260407,0900,1.6,59,126
Nanji_Hangang,20260403,1700,VVV,20260407,0900,-0.7,59,126
Nanji_Hangang,20260403,1700,VEC,20260407,0900,295,59,126
Nanji_Hangang,20260403,1700,WSD,20260407,0900,1,59,126
Nanji_Hangang,20260403,1700,SKY,20260407,0900,1,59,126
Nanji_Hangang,20260403,1700,PTY,20260407,0900,0,59,126
Nanji_Hangang,20260403,1700,POP,20260407,0900,0,59,126
Nanji_Hangang,20260403,1700,WAV,20260407,0900,0,59,126
Nanji_Hangang,20260403,1700,PCP,20260407,0900,0,59,126
Nanji_Hangang,20260403,1700,REH,20260407,0900,55,59,126
Nanji_Hangang,20260403,1700,SNO,20260407,0900,0,59,126
Nanji_Hangang,20260403,1700,TMP,20260407,1200,11,59,126
Nanji_Hangang,20260403,1700,UUU,20260407,1200,2.8,59,126
Nanji_Hangang,20260403,1700,VVV,20260407,1200,-2.4,59,126
Nanji_Hangang,20260403,1700,VEC,20260407,1200,311,59,126
Nanji_Hangang,20260403,1700,WSD,20260407,1200,1,59,126
Nanji_Hangang,20260403,1700,SKY,20260407,1200,1,59,126
Nanji_Hangang,20260403,1700,PTY,20260407,1200,0,59,126
Nanji_Hangang,20260403,1700,POP,20260407,1200,0,59,126
Nanji_Hangang,20260403,1700,WAV,20260407,1200,0,59,126
